Employee Name,Employee Title/Type,Emails,State License,Add'tl Cert No.,Hired Date,Renewal Term (YR),Current State License,CCC/OTR Certification,Driver's License,TB Test,CPR/first aid,Auto Liability,Performance Review,Competency Assessement,In House Training,*Billing Agreement,ANE EXAM
Yulma Colt,Budget/Accounting Analyst I,ycolt0@yahoo.com,271418521,9114796188,9/26/2005,7/11/2023,4/28/2023,5/15/2023,7/18/2023,6/2/2023,10/23/2023,8/2/2023,9/23/2023,5/19/2023,12/14/2022,9/8/2023,2/17/2023
Dugald Kaspar,Pharmacist,dkaspar1@yellowbook.com,980273866,3838695703,7/15/2003,5/12/2023,12/27/2022,4/13/2023,1/25/2023,1/7/2023,11/26/2022,9/24/2023,4/26/2023,9/27/2023,4/10/2023,8/26/2023,3/18/2023
Petrina Spinola,Physical Therapy Assistant,pspinola2@upenn.edu,631970131,8034949925,2/28/2022,10/28/2023,10/19/2023,3/4/2023,9/1/2023,5/5/2023,12/3/2022,10/23/2023,4/4/2023,8/23/2023,11/25/2022,12/9/2022,12/18/2022
Christie Charlon,Environmental Tech,ccharlon3@taobao.com,280292285,7079008628,2/13/2021,1/29/2023,11/13/2023,7/15/2023,5/18/2023,7/28/2023,9/13/2023,11/18/2022,5/30/2023,7/5/2023,1/26/2023,6/1/2023,11/6/2023
Henka Stiffell,Research Nurse,hstiffell4@squarespace.com,577039806,6094218140,8/23/2006,11/28/2022,5/21/2023,8/29/2023,1/6/2023,10/19/2023,5/5/2023,8/20/2023,2/11/2023,2/19/2023,4/4/2023,11/27/2022,8/28/2023
Dorelia Marcam,Human Resources Assistant III,dmarcam5@stanford.edu,728145973,4179022948,4/4/2016,3/26/2023,5/9/2023,2/4/2023,9/12/2023,7/19/2023,9/5/2023,2/18/2023,6/7/2023,9/11/2023,5/3/2023,5/27/2023,11/17/2022
Olivie Killik,Nuclear Power Engineer,okillik6@gov.uk,567649211,9005527759,10/28/2003,11/6/2023,2/8/2023,5/31/2023,10/9/2023,12/4/2022,1/3/2023,10/11/2023,3/28/2023,9/29/2023,1/17/2023,5/2/2023,10/26/2023
Vere Morecomb,Pharmacist,vmorecomb7@people.com.cn,857932485,8492474203,2/18/2020,4/4/2023,2/17/2023,8/7/2023,6/15/2023,2/21/2023,12/22/2022,8/8/2023,2/22/2023,4/4/2023,4/27/2023,8/9/2023,8/28/2023
Lanita McGerraghty,Product Engineer,lmcgerraghty8@reuters.com,901935455,4958273974,2/21/2006,10/22/2023,3/5/2023,12/21/2022,5/23/2023,12/25/2022,7/25/2023,8/26/2023,8/28/2023,7/24/2023,6/2/2023,7/28/2023,5/18/2023
Barry Sheering,Account Executive,bsheering9@123-reg.co.uk,655923730,8267530231,8/22/2005,11/8/2023,8/13/2023,7/1/2023,6/24/2023,10/25/2023,7/28/2023,8/26/2023,12/13/2022,12/8/2022,7/5/2023,1/20/2023,9/11/2023
Malvina Franciskiewicz,Paralegal,mfranciskiewicza@ning.com,320865350,5352165157,6/15/2011,4/5/2023,8/9/2023,2/17/2023,6/7/2023,12/20/2022,3/30/2023,4/14/2023,4/20/2023,8/3/2023,2/18/2023,6/27/2023,9/5/2023
Charo Prosch,Recruiting Manager,cproschb@meetup.com,528513207,9672607513,2/15/2016,11/3/2023,7/19/2023,8/20/2023,12/7/2022,2/4/2023,3/15/2023,4/5/2023,4/22/2023,11/27/2022,8/21/2023,2/18/2023,9/18/2023
Gayla Garard,Social Worker,ggarardc@nymag.com,995775186,6269420565,1/15/2018,10/17/2023,2/13/2023,10/1/2023,11/4/2023,6/6/2023,10/1/2023,10/13/2023,8/4/2023,12/9/2022,1/2/2023,1/2/2023,11/28/2022
Monica Addington,Software Test Engineer IV,maddingtond@opera.com,167093377,9677760243,11/30/2003,7/16/2023,11/7/2023,10/25/2023,7/21/2023,9/22/2023,9/10/2023,8/5/2023,8/5/2023,7/8/2023,4/22/2023,3/13/2023,8/2/2023
Patty Dufall,Editor,pdufalle@cocolog-nifty.com,957999338,4005082216,11/27/2016,2/20/2023,9/3/2023,8/4/2023,8/3/2023,8/30/2023,5/1/2023,2/16/2023,5/22/2023,12/4/2022,11/26/2022,7/7/2023,3/15/2023
Barbabra Furzer,Health Coach III,bfurzerf@si.edu,238133021,4379435509,5/29/2009,6/16/2023,3/21/2023,4/2/2023,6/28/2023,4/4/2023,6/3/2023,9/7/2023,10/29/2023,12/30/2022,8/24/2023,11/2/2023,6/26/2023
Mozes Pecey,Tax Accountant,mpeceyg@xinhuanet.com,824292387,3007462190,4/20/2020,12/3/2022,1/16/2023,5/19/2023,1/24/2023,5/5/2023,1/26/2023,4/7/2023,5/2/2023,9/30/2023,2/24/2023,7/30/2023,8/6/2023
Lyssa Grisbrook,Assistant Professor,lgrisbrookh@mozilla.org,788430941,4270927066,3/6/2014,11/7/2023,1/13/2023,7/5/2023,3/28/2023,3/13/2023,12/20/2022,6/7/2023,3/2/2023,9/28/2023,3/27/2023,10/3/2023,12/21/2022
Jodee Orpin,Marketing Assistant,jorpini@so-net.ne.jp,861118261,7822909651,6/6/2013,3/16/2023,8/16/2023,10/2/2023,4/17/2023,6/29/2023,9/28/2023,12/3/2022,2/23/2023,7/21/2023,1/4/2023,2/18/2023,11/30/2022
Raina Hartil,Quality Control Specialist,rhartilj@prweb.com,620922890,3981768518,5/20/2005,9/4/2023,3/7/2023,6/1/2023,4/1/2023,4/11/2023,11/1/2023,4/28/2023,6/22/2023,1/29/2023,1/31/2023,5/7/2023,1/14/2023
Virgie Stanyard,Structural Analysis Engineer,vstanyardk@twitter.com,966069363,3509074462,2/23/2011,8/11/2023,4/18/2023,10/22/2023,3/21/2023,10/12/2023,5/5/2023,11/28/2022,7/16/2023,6/23/2023,10/14/2023,12/10/2022,5/2/2023
Leda Offener,Operator,loffenerl@ca.gov,667312981,3164272398,3/23/2007,9/18/2023,6/24/2023,11/28/2022,12/30/2022,6/15/2023,9/25/2023,1/5/2023,12/4/2022,10/25/2023,7/21/2023,4/21/2023,9/10/2023
Libby Crellim,Account Executive,lcrellimm@irs.gov,909060365,5047120711,4/27/2000,9/11/2023,1/23/2023,1/3/2023,9/5/2023,4/3/2023,1/4/2023,12/16/2022,9/29/2023,1/1/2023,6/18/2023,10/11/2023,5/15/2023
Samson Trenfield,General Manager,strenfieldn@scientificamerican.com,701394896,8142424349,1/2/2017,9/19/2023,7/4/2023,10/15/2023,11/28/2022,8/31/2023,12/11/2022,7/1/2023,11/29/2022,3/23/2023,8/26/2023,6/3/2023,6/3/2023
Valentino Dunican,Senior Editor,vdunicano@phpbb.com,584939384,2349492137,7/26/2020,2/7/2023,7/13/2023,9/20/2023,12/12/2022,2/13/2023,9/2/2023,1/4/2023,8/13/2023,3/19/2023,5/8/2023,4/7/2023,2/2/2023
Bobine Sloyan,Recruiting Manager,bsloyanp@squidoo.com,845109568,9148340873,2/19/2013,11/24/2022,11/13/2023,4/6/2023,5/12/2023,2/27/2023,5/24/2023,11/12/2023,9/22/2023,6/19/2023,9/16/2023,8/10/2023,10/7/2023
Maybelle Keemer,Assistant Professor,mkeemerq@google.cn,656999924,4891633941,2/11/2001,11/23/2022,2/9/2023,11/20/2022,10/26/2023,1/3/2023,6/14/2023,2/16/2023,5/25/2023,5/22/2023,8/31/2023,2/3/2023,8/24/2023
Nikolas Gorusso,Research Nurse,ngorussor@deliciousdays.com,100304077,8599740258,8/26/2001,5/15/2023,8/21/2023,5/17/2023,3/23/2023,5/18/2023,5/24/2023,11/5/2023,4/30/2023,9/26/2023,12/18/2022,2/15/2023,8/13/2023
Glenn Rannie,Teacher,grannies@shutterfly.com,568784641,4906341614,2/11/2016,6/30/2023,7/20/2023,3/3/2023,1/1/2023,9/10/2023,12/19/2022,8/25/2023,2/13/2023,4/14/2023,3/25/2023,3/7/2023,4/7/2023
Rancell O'Hederscoll,Analog Circuit Design manager,rohederscollt@mlb.com,545460992,4637875703,6/19/2022,6/20/2023,5/17/2023,6/28/2023,4/10/2023,3/22/2023,11/23/2022,12/12/2022,5/22/2023,4/18/2023,12/28/2022,6/23/2023,9/16/2023
Austin Izatt,Research Associate,aizattu@godaddy.com,924092807,594607348,6/21/2019,2/23/2023,5/13/2023,7/9/2023,7/25/2023,1/7/2023,6/17/2023,2/28/2023,1/23/2023,10/21/2023,2/21/2023,11/28/2022,5/10/2023
Elga Lisciandri,Help Desk Technician,elisciandriv@nationalgeographic.com,967238472,2648379356,3/26/2002,8/17/2023,12/17/2022,3/22/2023,6/4/2023,1/19/2023,7/3/2023,8/24/2023,10/6/2023,6/11/2023,8/23/2023,3/28/2023,10/30/2023
Lucille Mingauld,Quality Control Specialist,lmingauldw@wordpress.org,554726719,8220242651,12/28/2022,9/1/2023,4/17/2023,7/1/2023,12/2/2022,4/11/2023,10/10/2023,10/17/2023,12/9/2022,1/30/2023,7/12/2023,12/6/2022,6/27/2023
Renell Trosdall,Accountant II,rtrosdallx@nyu.edu,685738100,8335698854,2/10/2018,2/10/2023,7/19/2023,4/26/2023,2/7/2023,11/22/2022,6/23/2023,1/21/2023,6/3/2023,5/24/2023,3/22/2023,12/11/2022,9/15/2023
Gilbertine Emsley,Quality Control Specialist,gemsleyy@unicef.org,891095719,4681763085,2/14/2003,10/1/2023,3/14/2023,5/8/2023,6/8/2023,2/25/2023,5/3/2023,2/10/2023,6/8/2023,2/24/2023,7/24/2023,12/22/2022,8/27/2023
Crista Medlicott,Budget/Accounting Analyst III,cmedlicottz@qq.com,379793522,830710821,7/16/2016,11/7/2023,9/20/2023,10/4/2023,4/28/2023,9/20/2023,10/12/2023,5/24/2023,8/11/2023,7/27/2023,7/23/2023,12/19/2022,4/21/2023
Nadean Wigelsworth,Software Engineer IV,nwigelsworth10@abc.net.au,830992907,7224553969,10/15/2013,1/11/2023,1/26/2023,1/19/2023,2/15/2023,10/15/2023,2/25/2023,9/25/2023,6/13/2023,1/10/2023,12/13/2022,9/11/2023,3/8/2023
Donia Faust,Health Coach I,dfaust11@slashdot.org,125629953,2905310659,3/6/2012,9/11/2023,1/12/2023,9/5/2023,3/10/2023,9/6/2023,4/23/2023,1/26/2023,4/8/2023,11/2/2023,2/19/2023,7/31/2023,7/20/2023
Eloisa Lunt,Geological Engineer,elunt12@google.fr,843276730,8458958725,6/20/2013,4/12/2023,4/25/2023,9/24/2023,6/25/2023,9/2/2023,11/1/2023,12/29/2022,12/13/2022,3/4/2023,4/5/2023,4/18/2023,8/15/2023
Kati Cristoferi,Engineer II,kcristoferi13@opensource.org,276945149,8889093302,9/30/2016,4/25/2023,8/27/2023,7/31/2023,6/23/2023,6/26/2023,8/7/2023,3/14/2023,5/15/2023,6/24/2023,8/21/2023,3/18/2023,1/9/2023
Augusta Pow,Help Desk Operator,apow14@printfriendly.com,528179444,5294193370,6/23/2011,6/28/2023,5/3/2023,1/2/2023,7/6/2023,3/18/2023,6/23/2023,7/22/2023,7/4/2023,1/20/2023,1/5/2023,12/20/2022,7/11/2023
Pearl Conduit,Human Resources Manager,pconduit15@mit.edu,818451021,5231607227,8/17/2020,1/14/2023,6/5/2023,10/18/2023,10/27/2023,8/16/2023,8/25/2023,2/27/2023,10/13/2023,9/26/2023,8/20/2023,1/12/2023,4/6/2023
Gabie Tinwell,Registered Nurse,gtinwell16@disqus.com,885683592,1993870560,8/26/2015,12/10/2022,12/27/2022,3/25/2023,11/10/2023,5/15/2023,5/13/2023,4/14/2023,7/21/2023,9/15/2023,6/11/2023,8/2/2023,6/27/2023
Aldridge Lamplough,Engineer II,alamplough17@usatoday.com,644597602,1239485784,9/25/2016,7/27/2023,3/21/2023,11/22/2022,2/23/2023,1/15/2023,11/14/2023,5/23/2023,1/8/2023,2/21/2023,12/4/2022,5/8/2023,1/13/2023
Itch Marzelo,GIS Technical Architect,imarzelo18@blogger.com,574490774,2589970780,9/9/2019,9/11/2023,4/4/2023,9/17/2023,7/4/2023,1/9/2023,8/4/2023,3/26/2023,1/19/2023,5/1/2023,6/17/2023,8/22/2023,11/5/2023
Koral Pargiter,Pharmacist,kpargiter19@acquirethisname.com,365787334,1793581696,3/22/2010,7/8/2023,10/3/2023,12/26/2022,12/9/2022,12/8/2022,8/15/2023,6/19/2023,2/5/2023,3/22/2023,8/27/2023,10/25/2023,8/9/2023
Cristionna Paddingdon,Engineer IV,cpaddingdon1a@yahoo.co.jp,938159552,4694340657,6/22/2010,9/27/2023,8/30/2023,12/21/2022,11/1/2023,7/20/2023,4/15/2023,11/22/2022,1/21/2023,4/22/2023,9/4/2023,9/2/2023,4/6/2023
Aliza Touson,Systems Administrator I,atouson1b@discuz.net,966557552,4557099581,2/19/2005,4/1/2023,2/18/2023,1/31/2023,1/3/2023,9/7/2023,1/12/2023,3/28/2023,10/19/2023,8/2/2023,9/27/2023,1/13/2023,6/3/2023
Elna Dobbson,Tax Accountant,edobbson1c@stanford.edu,379542329,6303723873,8/31/2012,4/18/2023,5/13/2023,4/2/2023,8/31/2023,2/1/2023,9/18/2023,3/13/2023,1/16/2023,4/28/2023,7/22/2023,11/25/2022,11/14/2023
Paulie Standring,VP Marketing,pstandring1d@webnode.com,288297887,3388219010,11/20/2020,9/23/2023,2/5/2023,3/2/2023,5/2/2023,2/23/2023,5/14/2023,4/23/2023,2/1/2023,12/26/2022,6/3/2023,3/3/2023,6/16/2023
Renado Riding,Occupational Therapist,rriding1e@diigo.com,299333990,9243448521,2/10/2005,12/31/2022,11/25/2022,5/13/2023,1/22/2023,10/6/2023,11/15/2023,8/2/2023,6/13/2023,2/19/2023,10/30/2023,12/11/2022,3/25/2023
Meryl Kupper,Graphic Designer,mkupper1f@adobe.com,906239722,724622091,11/3/2014,6/15/2023,5/28/2023,4/20/2023,4/24/2023,10/27/2023,2/7/2023,5/29/2023,4/21/2023,1/16/2023,5/19/2023,2/23/2023,10/3/2023
Helaina Keems,VP Quality Control,hkeems1g@nature.com,801224533,5272393270,9/12/2022,12/18/2022,12/16/2022,4/14/2023,9/11/2023,3/11/2023,4/8/2023,2/6/2023,2/11/2023,12/4/2022,11/23/2022,7/8/2023,12/28/2022
Venus Kinman,VP Accounting,vkinman1h@eepurl.com,851095547,7775202766,4/24/2009,4/26/2023,7/13/2023,8/15/2023,3/14/2023,4/29/2023,1/3/2023,10/10/2023,10/24/2023,8/19/2023,10/22/2023,8/2/2023,4/30/2023
Paton Haliday,General Manager,phaliday1i@mit.edu,360536743,7446408502,7/23/2020,5/28/2023,4/16/2023,9/16/2023,3/20/2023,4/16/2023,3/22/2023,5/29/2023,2/27/2023,2/5/2023,9/11/2023,5/17/2023,1/6/2023
Rene Mettricke,Office Assistant II,rmettricke1j@google.ca,304384175,3772782596,3/2/2017,1/5/2023,10/19/2023,9/1/2023,3/20/2023,12/2/2022,4/8/2023,2/23/2023,3/1/2023,3/12/2023,2/5/2023,4/11/2023,9/20/2023
Averil Congram,Food Chemist,acongram1k@elegantthemes.com,403358198,541100255,5/7/2010,9/30/2023,10/26/2023,2/12/2023,5/30/2023,8/28/2023,1/8/2023,12/16/2022,3/3/2023,4/12/2023,7/30/2023,1/25/2023,7/12/2023
Marcy Phillpotts,Editor,mphillpotts1l@nature.com,574836904,6990578988,7/13/2017,7/9/2023,12/26/2022,3/28/2023,4/12/2023,8/25/2023,11/20/2022,2/8/2023,3/15/2023,12/24/2022,12/30/2022,4/8/2023,9/21/2023
Ram Tallboy,Environmental Tech,rtallboy1m@ed.gov,691179016,8012733690,2/5/2002,3/18/2023,3/16/2023,2/2/2023,3/15/2023,5/16/2023,9/13/2023,2/12/2023,1/14/2023,5/12/2023,11/1/2023,1/29/2023,3/14/2023
Kip Marsters,Staff Accountant IV,kmarsters1n@mapquest.com,480420000,6151001479,5/12/2004,12/12/2022,9/27/2023,9/15/2023,8/29/2023,8/24/2023,5/13/2023,3/1/2023,11/3/2023,11/21/2022,7/29/2023,9/1/2023,1/15/2023
Godfry Fulford,Nurse Practicioner,gfulford1o@google.it,60265831,4694320640,6/8/2011,11/24/2022,8/4/2023,7/5/2023,2/3/2023,12/18/2022,6/3/2023,6/15/2023,6/11/2023,6/23/2023,9/8/2023,8/2/2023,11/9/2023
Hamid Berkeley,Biostatistician IV,hberkeley1p@histats.com,570300088,1278817550,2/9/2010,10/15/2023,12/15/2022,12/6/2022,6/28/2023,7/2/2023,1/20/2023,5/20/2023,7/17/2023,8/21/2023,9/29/2023,3/29/2023,7/15/2023
Weidar Mears,Paralegal,wmears1q@arizona.edu,651908848,3497836659,2/15/2014,12/11/2022,12/12/2022,11/30/2022,8/9/2023,8/26/2023,4/27/2023,2/13/2023,8/2/2023,1/7/2023,1/6/2023,1/19/2023,4/8/2023
Filmer Feifer,Civil Engineer,ffeifer1r@wikispaces.com,713271197,3060898559,12/3/2002,9/6/2023,6/6/2023,4/30/2023,8/23/2023,6/21/2023,5/26/2023,4/4/2023,5/5/2023,5/3/2023,7/24/2023,3/30/2023,4/9/2023
Joeann Clemmow,Account Coordinator,jclemmow1s@dyndns.org,366582944,8622951993,6/17/2008,12/15/2022,2/18/2023,2/18/2023,2/14/2023,1/1/2023,1/19/2023,9/12/2023,1/31/2023,11/17/2022,10/15/2023,1/23/2023,11/22/2022
Normy Emnoney,Executive Secretary,nemnoney1t@examiner.com,898562065,8908755708,6/26/2012,5/28/2023,5/6/2023,1/20/2023,4/7/2023,12/22/2022,1/21/2023,1/8/2023,10/7/2023,9/5/2023,6/4/2023,10/22/2023,4/8/2023
Ermengarde Moubray,Marketing Assistant,emoubray1u@g.co,872629721,811515775,12/24/2018,4/14/2023,3/12/2023,5/23/2023,1/22/2023,7/20/2023,9/2/2023,5/26/2023,2/19/2023,6/5/2023,10/3/2023,9/26/2023,8/4/2023
Hans McGauhy,Teacher,hmcgauhy1v@unc.edu,911540716,1124310808,12/7/2015,4/3/2023,8/18/2023,5/10/2023,4/27/2023,12/27/2022,5/15/2023,1/2/2023,11/9/2023,1/14/2023,6/6/2023,7/20/2023,4/14/2023
Stevena Ganny,Data Coordinator,sganny1w@house.gov,204909242,6826145370,11/5/2010,3/20/2023,5/12/2023,12/17/2022,12/13/2022,4/9/2023,8/13/2023,1/13/2023,7/15/2023,8/9/2023,8/29/2023,1/28/2023,12/4/2022
Tania Wiffen,Legal Assistant,twiffen1x@disqus.com,345548506,8422436394,8/3/2001,11/30/2022,12/25/2022,1/29/2023,4/10/2023,8/8/2023,1/24/2023,12/26/2022,2/3/2023,7/8/2023,3/11/2023,6/27/2023,4/16/2023
Kendra Conaghan,Nurse,kconaghan1y@prnewswire.com,227530385,6929603729,2/12/2004,7/12/2023,5/25/2023,12/10/2022,1/17/2023,8/30/2023,9/13/2023,11/30/2022,12/18/2022,3/14/2023,6/27/2023,10/19/2023,9/12/2023
Pippo Chrstine,Developer IV,pchrstine1z@goo.ne.jp,356208861,989165335,5/6/2010,4/10/2023,5/31/2023,1/31/2023,9/10/2023,7/30/2023,5/5/2023,4/20/2023,10/10/2023,12/27/2022,8/4/2023,9/30/2023,7/9/2023
Aristotle Coleshill,VP Marketing,acoleshill20@nps.gov,966859918,2827633209,9/4/2008,4/21/2023,10/19/2023,4/7/2023,6/7/2023,3/21/2023,10/24/2023,8/22/2023,1/28/2023,4/30/2023,2/3/2023,12/27/2022,1/12/2023
Konstantine Roseveare,Mechanical Systems Engineer,kroseveare21@goo.ne.jp,565412664,2884947898,12/21/2009,1/1/2023,6/25/2023,9/16/2023,11/19/2022,4/12/2023,5/13/2023,2/19/2023,8/23/2023,9/3/2023,4/14/2023,7/3/2023,12/11/2022
Keelia Yearns,GIS Technical Architect,kyearns22@a8.net,951583285,3934597191,4/3/2010,12/18/2022,3/6/2023,4/9/2023,4/1/2023,10/11/2023,10/11/2023,7/6/2023,10/3/2023,7/5/2023,11/29/2022,8/28/2023,9/20/2023
Garold Yurevich,Computer Systems Analyst IV,gyurevich23@yahoo.co.jp,614332736,6643236728,11/22/2003,2/8/2023,12/16/2022,2/1/2023,4/5/2023,6/4/2023,6/28/2023,12/31/2022,2/8/2023,9/14/2023,2/26/2023,7/10/2023,3/28/2023
Lothaire Aulds,Payment Adjustment Coordinator,laulds24@g.co,531921417,8034496035,12/7/2014,8/7/2023,7/14/2023,7/15/2023,6/14/2023,5/20/2023,5/25/2023,11/30/2022,10/10/2023,6/21/2023,11/14/2023,11/13/2023,8/4/2023
Tanney Renhard,Electrical Engineer,trenhard25@sourceforge.net,397349994,1435752789,2/13/2004,8/4/2023,7/23/2023,3/17/2023,3/20/2023,10/15/2023,11/27/2022,2/16/2023,5/14/2023,6/22/2023,1/10/2023,3/21/2023,8/14/2023
Druci Jouhning,Statistician IV,djouhning26@bizjournals.com,822589598,5361016693,7/29/2018,5/4/2023,9/29/2023,2/9/2023,10/7/2023,1/20/2023,10/19/2023,8/21/2023,11/22/2022,9/21/2023,7/9/2023,9/26/2023,12/24/2022
Kathlin Smoth,Payment Adjustment Coordinator,ksmoth27@ebay.co.uk,938461464,5067740188,9/28/2018,5/13/2023,1/12/2023,11/13/2023,5/31/2023,1/1/2023,7/4/2023,8/14/2023,12/27/2022,10/20/2023,1/22/2023,3/20/2023,11/30/2022
Barbabas Guild,Marketing Manager,bguild28@phpbb.com,825403188,4534626659,1/1/2005,8/29/2023,8/13/2023,12/24/2022,12/3/2022,1/27/2023,8/19/2023,8/5/2023,6/5/2023,4/3/2023,11/29/2022,9/11/2023,10/18/2023
Vinnie Cumpton,Operator,vcumpton29@bizjournals.com,328895134,8786719295,5/7/2013,7/24/2023,6/8/2023,11/22/2022,6/14/2023,4/13/2023,12/16/2022,10/21/2023,8/27/2023,3/3/2023,10/6/2023,8/20/2023,2/6/2023
Morgen Brand-Hardy,Sales Representative,mbrandhardy2a@seattletimes.com,339936120,2252082292,4/10/2015,5/20/2023,8/3/2023,1/15/2023,11/23/2022,7/17/2023,4/6/2023,4/24/2023,7/10/2023,4/30/2023,11/2/2023,12/13/2022,10/14/2023
Babita Gilhouley,Media Manager IV,bgilhouley2b@constantcontact.com,301409275,1264826984,2/16/2020,3/28/2023,4/26/2023,3/30/2023,3/23/2023,6/28/2023,4/7/2023,1/27/2023,3/10/2023,1/23/2023,2/13/2023,9/24/2023,1/10/2023
Thornie Tranckle,Assistant Professor,ttranckle2c@ehow.com,43805027,8429188978,1/19/2018,1/2/2023,7/30/2023,5/18/2023,10/6/2023,11/18/2022,9/7/2023,9/17/2023,6/14/2023,6/19/2023,5/9/2023,9/7/2023,2/19/2023
Lenka Luna,Programmer III,lluna2d@sciencedaily.com,726443934,6137191540,8/29/2015,2/17/2023,8/24/2023,5/11/2023,1/10/2023,3/22/2023,7/19/2023,2/28/2023,6/26/2023,7/27/2023,10/20/2023,8/10/2023,1/13/2023
Constancy Rodgman,Senior Developer,crodgman2e@feedburner.com,177774958,9914938459,8/28/2008,1/26/2023,4/24/2023,8/29/2023,3/1/2023,6/3/2023,11/13/2023,1/31/2023,6/6/2023,4/30/2023,3/20/2023,8/29/2023,12/16/2022
Julieta Gingold,Dental Hygienist,jgingold2f@cdbaby.com,114821694,6811438290,12/26/2002,5/2/2023,5/4/2023,12/25/2022,7/10/2023,1/7/2023,2/6/2023,7/30/2023,11/27/2022,6/25/2023,2/14/2023,6/7/2023,4/30/2023
Shaine Folliss,Analyst Programmer,sfolliss2g@hud.gov,886748838,646066099,1/10/2017,4/5/2023,10/20/2023,12/16/2022,5/14/2023,10/3/2023,9/4/2023,11/2/2023,12/17/2022,2/12/2023,9/19/2023,6/7/2023,11/22/2022
Edwin Higginbottam,Product Engineer,ehigginbottam2h@dagondesign.com,857518423,1420202877,12/10/2015,6/21/2023,10/7/2023,1/8/2023,10/3/2023,10/2/2023,4/9/2023,6/10/2023,1/14/2023,6/9/2023,5/21/2023,12/31/2022,6/7/2023
Lucian Gravie,Systems Administrator III,lgravie2i@bluehost.com,335071043,8546136398,10/24/2009,3/19/2023,7/18/2023,2/17/2023,12/15/2022,6/24/2023,1/27/2023,8/11/2023,9/18/2023,10/15/2023,9/6/2023,10/6/2023,11/30/2022
Julie Sterrie,Software Engineer I,jsterrie2j@twitpic.com,498051161,2723325269,11/4/2012,6/26/2023,10/24/2023,11/20/2022,7/10/2023,2/10/2023,12/15/2022,11/19/2022,2/28/2023,9/12/2023,4/26/2023,5/23/2023,12/4/2022
Edan Kearle,Information Systems Manager,ekearle2k@tinyurl.com,142149525,833394382,4/19/2013,7/17/2023,1/26/2023,2/10/2023,10/12/2023,3/23/2023,2/1/2023,11/13/2023,9/4/2023,9/15/2023,12/18/2022,9/18/2023,12/8/2022
Curry Brommage,Financial Analyst,cbrommage2l@indiegogo.com,54156856,6889688083,9/17/2012,9/12/2023,9/28/2023,7/8/2023,10/28/2023,6/6/2023,12/13/2022,2/14/2023,2/19/2023,6/27/2023,7/22/2023,4/4/2023,3/5/2023
Jobi Corah,Research Assistant I,jcorah2m@google.cn,561457859,6831812206,10/31/2015,7/18/2023,2/1/2023,6/22/2023,3/16/2023,4/5/2023,11/22/2022,11/13/2023,12/20/2022,3/18/2023,7/16/2023,4/1/2023,9/27/2023
Verile Horwell,Director of Sales,vhorwell2n@51.la,678156843,515348368,3/4/2018,3/12/2023,4/28/2023,6/1/2023,3/18/2023,12/25/2022,6/27/2023,1/9/2023,3/16/2023,2/20/2023,12/5/2022,9/6/2023,9/2/2023
Meade Schrir,Account Executive,mschrir2o@rediff.com,661431235,7800231811,9/5/2008,8/18/2023,7/29/2023,4/15/2023,8/2/2023,6/19/2023,11/19/2022,3/28/2023,11/27/2022,3/1/2023,5/16/2023,9/7/2023,5/10/2023
Clemence Nanni,Junior Executive,cnanni2p@baidu.com,593332718,8159550265,1/4/2021,10/8/2023,10/6/2023,9/11/2023,6/25/2023,7/20/2023,1/15/2023,12/22/2022,11/12/2023,7/11/2023,9/23/2023,4/30/2023,8/8/2023
Fanchette Seddon,Executive Secretary,fseddon2q@over-blog.com,198718452,2062740509,11/25/2004,9/16/2023,7/22/2023,5/18/2023,7/17/2023,1/28/2023,12/1/2022,3/28/2023,2/5/2023,1/10/2023,6/23/2023,8/7/2023,2/21/2023
